Unnamed: 0,query,query_type_encoded,has_transaction,has_join_count,has_subquery,has_nolock,has_or_in_where,uses_temp_table,temp_table_count,is_ddl,starts_with_exec,text_length,estimated_rows,complex_join,query_duration,starts_with_select,label,prob,session_id,db
0.0,"(@periodBegin nvarchar(10),@periodEnd nvarchar(10),@TownId nvarchar(36),@printAttachAct nvarchar(4000),@token nvarchar(221))SET DATEFORMAT ymd",6,0,0,0,0,0,0,0,0,0,142,1420,0,30.876017682350493,0,1,,,
1.0,"select
t.Name as 'town',
t.primaryKey as 'townid',
net.Name 'net',
(select top 1 Role_m0 from STORMLR mlr WITH (NOLOCK)
where 
Role_m0 = '478528B5-72FF-41F6-B597-A453AAFDDF74' and
'{'+convert(varchar(40),mlr.Agent_m0)+'}'=[E].[User]
) as 'right',
e.LastName + isnull(' '+substring(e.FirstName, 0, 2)+'.','')+ isnull(substring(e.Patronymic, 0, 2)+'.','') as 'emp',
e.Code as 'code',
e.primaryKey as 'empid',
ISNULL(CONVERT(decimal(10,0),(select 
sum(case
when act.primaryKey is not null then 1
else 0 end)
from Employee e1 WITH (NOLOCK)
left join AwpAuditAct act WITH (NOLOCK) on e1.primaryKey=act.Inspector and act.Status='Утверждён'",0,0,1,1,1,0,0,0,0,0,633,6330,1,42.42813118995373,1,1,,,
2.0,"where e1.primaryKey=e.primaryKey and act.RegDate >= @periodBegin and act.RegDate <= @periodEnd 
)), 0) as 'aaa',",6,0,0,0,0,0,0,0,0,0,112,1120,0,56.78848606948646,0,1,,,
3.0,"ISNULL(CONVERT(decimal(10,0),(select
sum(case
when (act.primaryKey is not null
and act.Conclusion is not null --Заключение
and (a.primaryKey is not null) --Подпись
)
then 1
else 0 end)
from Employee e1 WITH (NOLOCK)
left join AwpAuditAct act WITH (NOLOCK) on e1.primaryKey=act.Inspector and act.Status='Утверждён'
left join ActSign a WITH (NOLOCK) on a.AwpAuditAct=act.primaryKey and a.Role='Потребитель'",0,0,2,0,1,0,0,0,0,0,404,4040,0,17.42523624040227,0,1,,,
4.0,"where e1.primaryKey=e.primaryKey and act.RegDate >= @periodBegin and act.RegDate <= @periodEnd 
)), 0) as 'aaa-y',",6,0,0,0,0,0,0,0,0,0,114,1140,0,26.978900181244303,0,1,,,
5.0,"ISNULL(CONVERT(decimal(10,0),(select 
sum(case
when act.primaryKey is not null then 1
else 0 end)
from Employee e1 WITH (NOLOCK)
left join WashingAct act WITH (NOLOCK) on e1.primaryKey=act.Inspector and act.Status='Утверждён' and WorkType='Промывка'",0,0,1,0,1,0,0,0,0,0,249,2490,0,31.947706084027978,0,1,,,
6.0,"where e1.primaryKey=e.primaryKey and act.RegDate >= @periodBegin and act.RegDate <= @periodEnd 
)), 0) as 'wa',",6,0,0,0,0,0,0,0,0,0,111,1110,0,28.234349895751755,0,1,,,
7.0,"ISNULL(CONVERT(decimal(10,0),(select",0,0,0,0,0,0,0,0,0,0,36,360,0,36.74357570603563,0,1,,,
8.0,"sum(case
when (act.primaryKey is not null
and act.Comment is not null --Примечание
and (a.primaryKey is not null) --Подпись
)
then 1
else 0 end)
from Employee e1 WITH (NOLOCK)
left join WashingAct act WITH (NOLOCK) on e1.primaryKey=act.Inspector and act.Status='Утверждён' and WorkType='Промывка'
left join ActSign a WITH (NOLOCK) on a.WashingAct=act.primaryKey and a.Role='Потребитель'",6,0,2,0,1,0,0,0,0,0,386,3860,0,52.41973194999692,0,1,,,
9.0,"where e1.primaryKey=e.primaryKey and act.RegDate >= @periodBegin and act.RegDate <= @periodEnd 
)), 0) as 'wa-y',",6,0,0,0,0,0,0,0,0,0,113,1130,0,34.26008909462658,0,1,,,
10.0,"ISNULL(CONVERT(decimal(10,0),(select 
sum(case
when act.primaryKey is not null then 1
else 0 end)
from Employee e1 WITH (NOLOCK)
left join WashingAct act WITH (NOLOCK) on e1.primaryKey=act.Inspector and act.Status='Утверждён' and WorkType='Опрессовка'",0,0,1,0,1,0,0,0,0,0,251,2510,0,16.480728674334614,0,1,,,
11.0,"where e1.primaryKey=e.primaryKey and act.RegDate >= @periodBegin and act.RegDate <= @periodEnd  
)), 0) as 'pa',",6,0,0,0,0,0,0,0,0,0,112,1120,0,39.70191182417408,0,1,,,
12.0,"ISNULL(CONVERT(decimal(10,0),(select
sum(case
when (act.primaryKey is not null
and act.Comment is not null --Примечание
and (a.primaryKey is not null) --Подпись
)
then 1
else 0 end)
from Employee e1 WITH (NOLOCK)
left join WashingAct act WITH (NOLOCK) on e1.primaryKey=act.Inspector and act.Status='Утверждён' and WorkType='Опрессовка'
left join ActSign a WITH (NOLOCK) on a.WashingAct=act.primaryKey and a.Role='Потребитель'",0,0,2,0,1,0,0,0,0,0,425,4250,0,57.869329675660765,0,1,,,
13.0,"where e1.primaryKey=e.primaryKey and act.RegDate >= @periodBegin and act.RegDate <= @periodEnd 
)), 0) as 'pa-y',",6,0,0,0,0,0,0,0,0,0,113,1130,0,28.46629538707917,0,1,,,
14.0,"ISNULL(CONVERT(decimal(10,0),(select 
sum(case
when act.primaryKey is not null then 1
else 0 end)
from Employee e1 WITH (NOLOCK)
left join DataRegAct act WITH (NOLOCK) on e1.primaryKey=act.Inspector and act.Status='Утверждён'",0,0,1,0,1,0,0,0,0,0,225,2250,0,52.28608229539994,0,1,,,
15.0,"where e1.primaryKey=e.primaryKey and act.RegDate >= @periodBegin and act.RegDate <= @periodEnd 
)), 0) as 'dataregact',",6,0,0,0,0,0,0,0,0,0,119,1190,0,22.757999543249987,0,1,,,
16.0,"ISNULL(CONVERT(decimal(10,0),(select
sum(case
when (act.primaryKey is not null
and (act.Decision='Замечания не выявлены' or (drp.primaryKey is not null and drpr.primaryKey is not null )) --Замечания
and (a.primaryKey is not null) --Подпись
)
then 1
else 0 end)
from Employee e1 WITH (NOLOCK)
left join DataRegAct act WITH (NOLOCK) on e1.primaryKey=act.Inspector and act.Status='Утверждён'
left join ActSign a WITH (NOLO",0,0,2,0,1,0,0,0,0,0,419,4190,0,59.908339423288425,0,1,,,
17.0,begin transaction; update orders set status = 'delayed'; -- без commit,1,1,0,0,0,0,0,0,0,0,70,700,0,32.3586699159228,0,1,,,
18.0,delete from auditlogs where logdate < '2022-01-01';,3,0,0,0,0,0,0,0,0,0,51,510,0,21.56433451940213,0,1,,,
19.0,alter table customers add column is_deleted bit;,3,0,0,0,0,0,0,0,1,0,48,480,0,17.04829924873619,0,1,,,
20.0,update products set price = price * 1.1;,1,0,0,0,0,0,0,0,0,0,40,400,0,16.919662694427892,0,1,,,
21.0,insert into transactions select * from temp_transactions;,0,0,0,0,0,0,0,0,0,0,57,570,0,59.10381509942164,0,1,,,
22.0,begin transaction; delete from payments where amount = 0;,3,1,0,0,0,0,0,0,0,0,57,570,0,43.12648676324955,0,1,,,
23.0,drop table tempprocessing;,6,0,0,0,0,0,0,0,1,0,26,260,0,25.954190946561507,0,1,,,
24.0,update users set lastlogin = null;,1,0,0,0,0,0,0,0,0,0,34,340,0,15.422704135002997,0,1,,,
25.0,begin transaction; insert into orders select * from temporders;,0,1,0,0,0,0,0,0,0,0,63,630,0,34.87810219079029,0,1,,,
26.0,create index idx_name on employees(name);,6,0,0,0,0,0,0,0,0,0,41,410,0,55.10576364570714,0,1,,,
27.0,begin transaction; update inventory set stock = stock - 1 where productid = 10;,1,1,0,0,0,0,0,0,0,0,79,790,0,33.5367448357582,0,1,,,
28.0,delete from sessions;,3,0,0,0,0,0,0,0,0,0,21,210,0,31.62335165834742,0,1,,,
29.0,alter index all on orders rebuild;,4,0,0,0,0,0,0,0,0,0,34,340,0,16.7875329410532,0,1,,,
30.0,SELECT * FROM Employees WHERE Status = 'Active',0,0,0,0,0,0,0,0,0,0,47,470,0,0.3870931379076229,1,0,0.0,synthetic,test
31.0,"SELECT TOP 10 Name, Age FROM Customers ORDER BY CreatedAt DESC",0,0,0,0,0,0,0,0,0,0,62,620,0,0.3165507431167154,1,0,0.0,synthetic,test
32.0,UPDATE Products SET Price = 10.99 WHERE ProductID = 42,1,0,0,0,0,0,0,0,0,0,54,540,0,1.1964429668202572,0,0,0.0,synthetic,test
33.0,DELETE FROM Logs WHERE LogID = 10001,3,0,0,0,0,0,0,0,0,0,36,360,0,0.372691003621459,0,0,0.0,synthetic,test
34.0,"SELECT o.OrderID, c.Name FROM Orders o JOIN Customers c ON o.CustID = c.ID",0,0,1,0,0,0,0,0,0,0,74,740,0,0.6938507654346239,1,0,0.0,synthetic,test
35.0,SELECT * FROM Orders WHERE CreatedAt >= '2024-01-01' AND CreatedAt < '2024-02-01',0,0,0,0,0,0,0,0,0,0,81,810,0,1.2360936991391167,1,0,0.0,synthetic,test
36.0,SELECT * FROM Users WHERE UserID = 123,0,0,0,0,0,0,0,0,0,0,38,380,0,1.4648105507773437,1,0,0.0,synthetic,test
37.0,SELECT COUNT(*) FROM Orders WHERE Status = 'Shipped',0,0,0,0,0,0,0,0,0,0,52,520,0,1.987937027001933,1,0,0.0,synthetic,test
38.0,SELECT * FROM Sales WHERE Region = 'North',0,0,0,0,0,0,0,0,0,0,42,420,0,0.6414131609571224,1,0,0.0,synthetic,test
39.0,UPDATE Users SET LastLogin = GETDATE() WHERE UserID = 101,1,0,0,0,0,0,0,0,0,0,57,570,0,0.5174873592476417,0,0,0.0,synthetic,test
40.0,SELECT DISTINCT Category FROM Products,0,0,0,0,0,0,0,0,0,0,38,380,0,1.9879428969437167,1,0,0.0,synthetic,test
41.0,SELECT TOP 100 * FROM AuditLogs,0,0,0,0,0,0,0,0,0,0,31,310,0,1.2076117811086962,1,0,0.0,synthetic,test
42.0,"SELECT Name FROM Departments WHERE DepartmentID IN (1,2,3)",0,0,0,0,0,0,0,0,0,0,58,580,0,1.885193861148412,1,0,0.0,synthetic,test
43.0,DELETE FROM TempTable WHERE CreatedAt < '2022-01-01',3,0,0,0,0,0,0,0,0,0,52,520,0,1.907642001282396,0,0,0.0,synthetic,test
44.0,SELECT * FROM Orders WHERE OrderID = 5555,0,0,0,0,0,0,0,0,0,0,41,410,0,1.0408369765580785,1,0,0.0,synthetic,test
45.0,"SELECT u.Name, COUNT(o.OrderID) FROM Users u LEFT JOIN Orders o ON u.ID = o.UserID GROUP BY u.Name",0,0,1,0,0,0,0,0,0,0,98,980,0,1.8183623484643128,1,0,0.0,synthetic,test
46.0,SELECT * FROM Products WHERE Price < 20,0,0,0,0,0,0,0,0,0,0,39,390,0,0.8852830020936044,1,0,0.0,synthetic,test
47.0,"SELECT FirstName, LastName FROM Customers WHERE Email IS NOT NULL",0,0,0,0,0,0,0,0,0,0,65,650,0,1.9307831734283607,1,0,0.0,synthetic,test
48.0,UPDATE Settings SET Value = 'on' WHERE Key = 'feature_x_enabled',1,0,0,0,0,0,0,0,0,0,64,640,0,0.4440007875102619,0,0,0.0,synthetic,test
49.0,SELECT * FROM Employees WHERE DepartmentID = 3 AND HireDate > '2020-01-01',0,0,0,0,0,0,0,0,0,0,74,740,0,0.4947095915764069,1,0,0.0,synthetic,test
50.0,BEGIN TRANSACTION; UPDATE Users SET Balance = Balance - 100 WHERE id = 1,1,1,0,0,0,0,0,0,0,0,72,720,0,26.49,0,1,,663,analytics
51.0,BEGIN TRANSACTION; DELETE FROM Orders WHERE Status = 'Pending',3,1,0,0,0,0,0,0,0,0,62,620,0,39.93,0,1,,588,main
52.0,BEGIN TRANSACTION; INSERT INTO Logs (msg) VALUES ('test'),2,1,0,0,0,0,0,0,0,0,57,570,0,20.88,0,1,,592,logging
53.0,DELETE FROM Customers,3,0,0,0,0,0,0,0,0,0,21,210,0,21.21,0,1,,457,analytics
54.0,UPDATE Products SET price = price * 1.1,1,0,0,0,0,0,0,0,0,0,39,390,0,48.28,0,1,,284,logging
55.0,ALTER TABLE Invoices ADD COLUMN archived BIT,4,0,0,0,0,0,0,0,1,0,44,440,0,41.41,0,1,,293,analytics
56.0,DROP TABLE TempStats,5,0,0,0,0,0,0,0,1,0,20,200,0,69.34,0,1,,699,main
57.0,SELECT * FROM Orders WHERE id = 42 FOR UPDATE,0,0,0,0,0,0,0,0,0,0,45,450,0,27.34,1,1,,213,logging
58.0,SELECT * FROM Accounts WHERE balance > 1000 FOR UPDATE,0,0,0,0,0,0,0,0,0,0,54,540,0,87.4,1,1,,522,analytics
59.0,SET TRANSACTION ISOLATION LEVEL SERIALIZABLE; SELECT * FROM Sales,0,0,0,0,0,0,0,0,0,0,65,650,0,64.55,0,1,,137,analytics
60.0,UPDATE Logs SET reviewed = 1 WHERE reviewed = 0,1,0,0,0,0,0,0,0,0,0,47,470,0,38.46,0,1,,799,logging
61.0,UPDATE Orders SET Status = 'Shipped' WHERE OrderDate < '2023-01-01',1,0,0,0,0,0,0,0,0,0,67,670,0,83.73,0,1,,494,logging
62.0,SELECT * INTO #TempResults FROM Users WHERE active = 1; SELECT COUNT(*) FROM #TempResults,0,0,0,1,0,0,1,1,0,0,89,890,0,26.88,1,1,,580,analytics
63.0,SELECT * FROM Customers WHERE Country = 'USA',0,0,0,0,0,0,0,0,0,0,45,450,0,2.47,1,0,,248,main
64.0,UPDATE Products SET Stock = Stock - 1 WHERE ProductID = 123,1,0,0,0,0,0,0,0,0,0,59,590,0,4.22,0,0,,926,logging
65.0,DELETE FROM Logs WHERE LogDate < '2023-01-01',3,0,0,0,0,0,0,0,0,0,45,450,0,3.89,0,0,,151,analytics
66.0,"INSERT INTO Sessions (user_id, started_at) VALUES (1, GETDATE())",2,0,0,0,0,0,0,0,0,0,64,640,0,0.21,0,0,,892,logging
67.0,SELECT COUNT(*) FROM Orders WHERE OrderDate > '2024-01-01',0,0,0,0,0,0,0,0,0,0,58,580,0,3.96,1,0,,539,logging
68.0,SELECT * FROM Orders o JOIN Customers c ON o.CustomerID = c.CustomerID WHERE c.Country = 'UK',0,0,1,0,0,0,0,0,0,0,93,930,0,2.12,1,0,,393,main
69.0,SELECT Name FROM Employees WHERE Department = 'IT',0,0,0,0,0,0,0,0,0,0,50,500,0,3.2,1,0,,431,logging
70.0,UPDATE Employees SET Salary = Salary + 100 WHERE Performance = 'Good',1,0,0,0,0,0,0,0,0,0,69,690,0,4.3,0,0,,849,main
71.0,SELECT TOP 10 * FROM Products ORDER BY CreatedAt DESC,0,0,0,0,0,0,0,0,0,0,53,530,0,1.53,1,0,,961,analytics
72.0,SELECT * FROM Logs WITH (NOLOCK) WHERE Level = 'Info',0,0,0,0,1,0,0,0,0,0,53,530,0,2.77,1,0,,369,logging
73.0,UPDATE Settings SET Value = 'ON' WHERE Key = 'FeatureX',1,0,0,0,0,0,0,0,0,0,55,550,0,3.13,0,0,,196,main
74.0,DELETE FROM TempData WHERE created_at < GETDATE() - 7,3,0,0,0,0,0,0,0,0,0,53,530,0,0.79,0,0,,203,main
75.0,"SELECT e.Name, d.Name FROM Employees e JOIN Departments d ON e.DepartmentID = d.ID",0,0,1,0,0,0,0,0,0,0,82,820,0,4.6,1,0,,662,main
76.0,"INSERT INTO Messages (sender, receiver, content) VALUES ('A', 'B', 'Hello')",2,0,0,0,0,0,0,0,0,0,75,750,0,1.75,0,0,,971,analytics
77.0,SELECT * FROM ActivityLog WHERE user_id = 42,0,0,0,0,0,0,0,0,0,0,44,440,0,3.4,1,0,,277,analytics
,EXEC sp_sample_proc_0;,1,0,2,1,1,1,0,1,0,1,391,1926,0,9.46,0,0,,sess_gen_0,analytics
,EXEC sp_sample_proc_1;,0,1,1,1,0,1,0,1,1,1,143,3727,0,11.58,0,1,,sess_gen_1,master
,EXEC sp_sample_proc_2;,1,0,0,0,1,1,0,0,1,1,493,3710,0,13.59,0,0,,sess_gen_2,master
,EXEC sp_sample_proc_3;,2,0,2,0,0,1,1,0,0,1,433,2526,1,3.89,0,0,,sess_gen_3,analytics
,EXEC sp_sample_proc_4;,1,1,0,1,0,1,1,1,1,1,236,3579,0,10.64,0,0,,sess_gen_4,testdb
,EXEC sp_sample_proc_5;,2,0,1,0,1,1,1,1,1,1,376,4641,0,13.64,0,1,,sess_gen_5,master
,EXEC sp_sample_proc_6;,0,1,0,1,1,1,0,1,1,1,289,2158,1,3.12,0,1,,sess_gen_6,testdb
,EXEC sp_sample_proc_7;,2,1,1,0,1,1,0,0,1,1,183,1509,1,3.67,0,0,,sess_gen_7,testdb
,EXEC sp_sample_proc_8;,2,1,0,1,0,1,1,1,1,1,335,2212,0,3.64,0,0,,sess_gen_8,master
,EXEC sp_sample_proc_9;,2,1,0,1,1,1,1,0,1,1,462,136,0,13.22,0,1,,sess_gen_9,testdb
,EXEC sp_sample_proc_10;,2,0,2,1,0,1,1,1,0,1,375,3358,1,12.86,0,1,,sess_gen_10,testdb
,EXEC sp_sample_proc_11;,2,0,2,0,0,1,0,1,0,1,393,3320,0,5.81,0,0,,sess_gen_11,analytics
,EXEC sp_sample_proc_12;,1,0,2,1,0,1,0,0,0,1,322,4865,1,8.63,0,0,,sess_gen_12,testdb
,EXEC sp_sample_proc_13;,2,1,0,1,1,1,0,0,0,1,546,4938,1,9.73,0,1,,sess_gen_13,testdb
,EXEC sp_sample_proc_14;,1,1,1,0,1,1,0,1,0,1,413,4950,1,12.74,0,0,,sess_gen_14,testdb
,EXEC sp_sample_proc_15;,0,0,0,0,1,1,1,0,1,1,169,609,1,10.84,0,0,,sess_gen_15,testdb
,EXEC sp_sample_proc_16;,1,0,2,0,1,1,0,1,1,1,591,4509,0,6.05,0,0,,sess_gen_16,analytics
,EXEC sp_sample_proc_17;,0,0,0,1,1,1,1,1,1,1,353,919,0,10.4,0,0,,sess_gen_17,master
,EXEC sp_sample_proc_18;,1,0,0,1,0,1,1,1,0,1,565,3472,0,6.68,0,1,,sess_gen_18,master
,EXEC sp_sample_proc_19;,2,1,1,0,0,1,1,0,1,1,302,2923,0,13.4,0,0,,sess_gen_19,testdb
,,2,0,0,0,1,0,0,0,0,0,218,2704,0,0.364,1,0,,,
,,2,0,0,0,1,0,0,0,0,0,259,2728,0,0.437,1,0,,,
,,2,0,1,0,0,0,0,0,0,0,67,4346,0,0.237,1,0,,,
,,2,1,5,1,0,0,0,1,0,0,967,54410,1,4.616,0,1,,,
,,2,1,4,1,0,1,0,1,0,0,927,274162,1,3.493,1,1,,,
,,1,0,0,0,0,0,0,0,0,0,256,2691,0,0.313,1,0,,,
,,2,1,3,1,0,0,0,1,0,0,994,232463,1,0.526,0,1,,,
,,0,0,1,0,1,0,0,0,0,0,202,4598,0,0.163,1,0,,,
,,0,1,3,1,0,1,1,0,0,0,1221,144139,1,4.354,1,1,,,
,,2,1,2,1,0,0,1,1,0,0,397,468937,1,3.092,1,1,,,
,,2,0,1,0,0,0,0,0,0,0,246,4360,0,0.243,1,0,,,
,,0,0,0,0,0,0,0,0,0,0,211,4063,0,0.354,1,0,,,
,,1,0,0,0,0,0,0,0,0,0,206,115,0,0.016,1,0,,,
,,2,0,1,0,1,0,0,0,0,0,243,2419,0,0.216,1,0,,,
,,2,0,0,0,1,0,0,0,0,0,265,757,0,0.463,1,0,,,
,,0,1,2,1,0,1,0,2,0,0,681,121399,1,0.776,1,1,,,
,,0,0,1,0,1,0,0,0,0,0,274,1449,0,0.063,1,0,,,
,,2,0,1,0,0,0,0,0,0,0,235,4836,0,0.277,1,0,,,
,,1,0,0,0,0,0,0,0,0,0,105,630,0,0.382,1,0,,,
,,1,0,1,0,1,0,0,0,0,0,78,4161,0,0.22,1,0,,,
,,0,0,1,0,0,0,0,0,0,0,242,3442,0,0.091,1,0,,,
,,0,0,0,0,0,0,0,0,0,0,119,2951,0,0.108,1,0,,,
,,0,0,1,0,1,0,0,0,0,0,199,2610,0,0.276,1,0,,,
,,1,0,1,0,1,0,0,0,0,0,111,3303,0,0.055,1,0,,,
,,1,0,0,0,0,0,0,0,0,0,189,1731,0,0.446,1,0,,,
,,0,0,0,0,0,0,0,0,0,0,60,1489,0,0.312,1,0,,,
,,2,0,1,0,0,0,0,0,0,0,109,1121,0,0.056,1,0,,,
,,2,1,3,1,0,0,1,1,0,0,1033,171860,1,2.835,0,1,,,
,,1,0,0,0,0,0,0,0,0,0,176,4941,0,0.241,1,0,,,
,,2,1,2,1,0,1,0,1,0,0,1042,330568,1,3.479,1,1,,,
,,2,0,1,0,1,0,0,0,0,0,93,4762,0,0.223,1,0,,,
,,1,0,0,0,0,0,0,0,0,0,78,4210,0,0.375,1,0,,,
,,2,1,2,1,0,1,0,1,0,0,810,134901,1,3.55,1,1,,,
,,0,0,0,0,1,0,0,0,0,0,250,4444,0,0.135,1,0,,,
,,0,0,0,0,1,0,0,0,0,0,280,3502,0,0.298,1,0,,,
,,2,0,0,0,0,0,0,0,0,0,107,2868,0,0.209,1,0,,,
,,2,0,1,0,1,0,0,0,0,0,137,2176,0,0.128,1,0,,,
,,1,1,5,1,0,0,0,1,0,0,942,215067,1,4.359,1,1,,,
,,2,0,0,0,1,0,0,0,0,0,143,1060,0,0.073,1,0,,,
,,1,0,0,0,1,0,0,0,0,0,147,554,0,0.296,1,0,,,
,,1,0,0,0,0,0,0,0,0,0,263,102,0,0.055,1,0,,,
,,0,0,0,0,0,0,0,0,0,0,69,4987,0,0.332,1,0,,,
,,2,0,0,0,0,0,0,0,0,0,74,3853,0,0.138,1,0,,,
,,2,0,1,0,1,0,0,0,0,0,182,2570,0,0.081,1,0,,,
,,1,0,0,0,0,0,0,0,0,0,227,2107,0,0.056,1,0,,,
,,1,0,0,0,1,0,0,0,0,0,75,4989,0,0.108,1,0,,,
,,0,1,2,1,0,1,0,0,0,0,1461,173474,1,1.94,0,1,,,
,,2,0,0,0,1,0,0,0,0,0,274,4495,0,0.167,1,0,,,
,,2,1,4,1,0,1,0,0,0,0,1404,460728,1,1.07,1,1,,,
,,2,0,0,0,0,0,0,0,0,0,137,2218,0,0.369,1,0,,,
,,1,0,1,0,1,0,0,0,0,0,296,1831,0,0.319,1,0,,,
,,2,0,1,0,0,0,0,0,0,0,228,1624,0,0.484,1,0,,,
,,1,0,0,0,0,0,0,0,0,0,238,687,0,0.013,1,0,,,
,,2,0,1,0,0,0,0,0,0,0,70,4336,0,0.206,1,0,,,
,,2,0,0,0,1,0,0,0,0,0,242,4704,0,0.363,1,0,,,
,,2,0,0,0,1,0,0,0,0,0,84,1789,0,0.469,1,0,,,
,,1,0,0,0,1,0,0,0,0,0,127,1581,0,0.142,1,0,,,
,,0,0,0,0,0,0,0,0,0,0,156,153,0,0.214,1,0,,,
,,2,0,0,0,1,0,0,0,0,0,93,213,0,0.296,1,0,,,
,,1,0,0,0,0,0,0,0,0,0,185,4996,0,0.072,1,0,,,
,,1,0,1,0,1,0,0,0,0,0,182,2549,0,0.064,1,0,,,
,,0,0,0,0,0,0,0,0,0,0,251,3587,0,0.386,1,0,,,
,,0,0,0,0,1,0,0,0,0,0,199,2142,0,0.323,1,0,,,
,,2,0,1,0,1,0,0,0,0,0,125,3111,0,0.249,1,0,,,
,,2,0,0,0,1,0,0,0,0,0,246,3180,0,0.421,1,0,,,
,,1,0,1,0,1,0,0,0,0,0,199,1279,0,0.183,1,0,,,
,,1,0,0,0,0,0,0,0,0,0,78,4931,0,0.441,1,0,,,
,,2,1,4,1,0,0,1,2,0,0,1991,402583,1,0.825,1,1,,,
,,0,0,1,0,1,0,0,0,0,0,139,1212,0,0.065,1,0,,,
,,1,0,1,0,0,0,0,0,0,0,299,4304,0,0.084,1,0,,,
,,1,0,1,0,1,0,0,0,0,0,155,4163,0,0.162,1,0,,,
,,2,0,1,0,1,0,0,0,0,0,159,2192,0,0.255,1,0,,,
,,0,0,0,0,1,0,0,0,0,0,162,3002,0,0.014,1,0,,,
,,1,0,0,0,0,0,0,0,0,0,256,4609,0,0.326,1,0,,,
,,0,0,1,0,0,0,0,0,0,0,77,4839,0,0.49,1,0,,,
,,1,1,5,1,0,0,1,2,0,0,1798,338807,1,4.657,1,1,,,
,,2,0,1,0,1,0,0,0,0,0,161,3340,0,0.099,1,0,,,
,,2,0,0,0,1,0,0,0,0,0,272,2283,0,0.339,1,0,,,
,,2,0,1,0,1,0,0,0,0,0,56,162,0,0.046,1,0,,,
,,1,0,1,0,0,0,0,0,0,0,188,1096,0,0.466,1,0,,,
,,2,1,3,1,0,1,1,0,0,0,914,371778,1,3.835,0,1,,,
,,0,1,2,1,0,0,1,1,0,0,854,225241,1,1.939,1,1,,,
,,2,0,0,0,0,0,0,0,0,0,142,4454,0,0.451,1,0,,,
,,2,0,0,0,1,0,0,0,0,0,280,409,0,0.086,1,0,,,
,,0,0,0,0,0,0,0,0,0,0,222,1824,0,0.157,1,0,,,
,,2,0,1,0,1,0,0,0,0,0,141,671,0,0.107,1,0,,,
,,1,1,3,1,0,0,1,2,0,0,1869,78474,1,3.251,0,1,,,
,,2,0,1,0,0,0,0,0,0,0,119,4621,0,0.353,1,0,,,
,,2,0,0,0,1,0,0,0,0,0,244,2980,0,0.442,1,0,,,
,,2,0,0,0,1,0,0,0,0,0,100,948,0,0.152,1,0,,,
,,1,0,0,0,1,0,0,0,0,0,289,1886,0,0.424,1,0,,,
,,0,0,0,0,1,0,0,0,0,0,177,1282,0,0.499,1,0,,,
,,1,0,1,0,0,0,0,0,0,0,267,3146,0,0.208,1,0,,,
,,0,0,1,0,0,0,0,0,0,0,77,2580,0,0.116,1,0,,,
,,1,0,1,0,1,0,0,0,0,0,276,2654,0,0.411,1,0,,,
,,1,0,0,0,0,0,0,0,0,0,106,1981,0,0.123,1,0,,,
,,1,0,1,0,0,0,0,0,0,0,166,613,0,0.035,1,0,,,
,,2,1,2,1,0,0,1,2,0,0,1267,347236,1,2.069,0,1,,,
,,1,0,1,0,0,0,0,0,0,0,182,488,0,0.115,1,0,,,
,,1,0,1,0,1,0,0,0,0,0,278,406,0,0.01,1,0,,,
,,0,0,0,0,0,0,0,0,0,0,129,1523,0,0.423,1,0,,,
,,1,0,1,0,0,0,0,0,0,0,170,4212,0,0.389,1,0,,,
,,0,0,0,0,1,0,0,0,0,0,285,1027,0,0.16,1,0,,,
,,1,1,2,1,0,0,1,2,0,0,756,15504,1,4.391,0,1,,,
,,0,0,1,0,0,0,0,0,0,0,270,2964,0,0.312,1,0,,,
,,2,0,1,0,1,0,0,0,0,0,200,252,0,0.383,1,0,,,
,,0,0,1,0,0,0,0,0,0,0,174,1275,0,0.386,1,0,,,
,,1,0,1,0,1,0,0,0,0,0,125,1867,0,0.031,1,0,,,
,,2,0,1,0,1,0,0,0,0,0,59,1208,0,0.345,1,0,,,
,,2,0,1,0,1,0,0,0,0,0,144,3102,0,0.442,1,0,,,
,,2,0,1,0,1,0,0,0,0,0,130,738,0,0.268,1,0,,,
,,1,0,1,0,1,0,0,0,0,0,226,1489,0,0.444,1,0,,,
,,1,1,4,1,0,1,0,0,0,0,926,129308,1,0.941,1,1,,,
,,1,0,1,0,0,0,0,0,0,0,250,983,0,0.266,1,0,,,
,,2,0,0,0,0,0,0,0,0,0,163,2745,0,0.352,1,0,,,
,,1,0,1,0,1,0,0,0,0,0,98,3400,0,0.439,1,0,,,
,,2,1,5,1,0,0,0,0,0,0,1835,392413,1,0.5,0,1,,,
,,2,1,2,1,0,0,0,2,0,0,1085,19057,1,3.843,1,1,,,
,,2,0,0,0,1,0,0,0,0,0,125,1774,0,0.264,1,0,,,
,,0,0,1,0,1,0,0,0,0,0,251,3523,0,0.095,1,0,,,
,,2,1,2,1,0,1,1,1,0,0,1915,391916,1,1.752,1,1,,,
,,1,0,0,0,0,0,0,0,0,0,119,777,0,0.43,1,0,,,
,,1,0,1,0,0,0,0,0,0,0,252,4879,0,0.425,1,0,,,
,,0,1,3,1,0,1,1,1,0,0,879,241178,1,2.011,0,1,,,
,,0,0,1,0,0,0,0,0,0,0,74,242,0,0.357,1,0,,,
,,2,0,0,0,0,0,0,0,0,0,158,3306,0,0.048,1,0,,,
,,2,0,0,0,1,0,0,0,0,0,72,418,0,0.442,1,0,,,
,,2,0,1,0,0,0,0,0,0,0,94,3046,0,0.276,1,0,,,
,,2,0,0,0,1,0,0,0,0,0,257,336,0,0.457,1,0,,,
,,1,1,5,1,0,1,1,2,0,0,1494,166073,1,1.986,1,1,,,
,,0,0,1,0,0,0,0,0,0,0,213,4016,0,0.499,1,0,,,
,,1,0,0,0,1,0,0,0,0,0,209,214,0,0.069,1,0,,,
,,1,0,1,0,1,0,0,0,0,0,123,3203,0,0.097,1,0,,,
,,2,0,0,0,1,0,0,0,0,0,109,4515,0,0.475,1,0,,,
,,1,1,3,1,0,0,1,0,0,0,480,476905,1,3.97,1,1,,,
,,1,0,1,0,1,0,0,0,0,0,69,3697,0,0.134,1,0,,,
,,2,0,1,0,0,0,0,0,0,0,178,954,0,0.033,1,0,,,
,,1,0,1,0,1,0,0,0,0,0,291,2626,0,0.472,1,0,,,
,,2,0,0,0,1,0,0,0,0,0,206,2543,0,0.126,1,0,,,
,,0,0,1,0,1,0,0,0,0,0,273,3201,0,0.322,1,0,,,
,,2,0,0,0,1,0,0,0,0,0,151,4100,0,0.041,1,0,,,
,,2,0,0,0,0,0,0,0,0,0,63,772,0,0.273,1,0,,,
,,2,0,1,0,1,0,0,0,0,0,267,2055,0,0.234,1,0,,,
,,2,0,1,0,0,0,0,0,0,0,288,1056,0,0.086,1,0,,,
,,1,0,1,0,1,0,0,0,0,0,141,1483,0,0.3,1,0,,,
,,0,0,0,0,1,0,0,0,0,0,201,285,0,0.018,1,0,,,
,,0,1,3,1,0,0,1,2,0,0,511,463878,1,4.806,0,1,,,
,,0,0,1,0,0,0,0,0,0,0,247,3595,0,0.215,1,0,,,
,,1,0,0,0,1,0,0,0,0,0,251,3019,0,0.154,1,0,,,
,,2,0,1,0,0,0,0,0,0,0,95,573,0,0.329,1,0,,,
,,0,0,0,0,0,0,0,0,0,0,214,4368,0,0.276,1,0,,,
,,1,0,1,0,0,0,0,0,0,0,146,4517,0,0.305,1,0,,,
,,1,0,0,0,1,0,0,0,0,0,98,408,0,0.163,1,0,,,
,,0,0,1,0,0,0,0,0,0,0,226,4180,0,0.184,1,0,,,
,,1,0,0,0,0,0,0,0,0,0,163,729,0,0.428,1,0,,,
,,0,1,4,1,0,0,1,0,0,0,708,99662,1,3.382,1,1,,,
,,2,1,4,1,0,0,1,2,0,0,862,196014,1,1.3,0,1,,,
,,0,0,1,0,1,0,0,0,0,0,168,3486,0,0.398,1,0,,,
,,0,0,0,0,1,0,0,0,0,0,189,4750,0,0.019,1,0,,,
,,1,0,1,0,0,0,0,0,0,0,249,819,0,0.342,1,0,,,
,,1,0,1,0,1,0,0,0,0,0,274,4969,0,0.288,1,0,,,
,,2,0,0,0,1,0,0,0,0,0,284,3514,0,0.119,1,0,,,
,,0,1,5,1,0,1,0,2,0,0,366,445330,1,0.415,0,1,,,
,,2,1,5,1,0,1,0,2,0,0,1449,68319,1,0.897,0,1,,,
,,2,0,0,0,1,0,0,0,0,0,126,1513,0,0.14,1,0,,,
,,1,0,0,0,1,0,0,0,0,0,235,505,0,0.27,1,0,,,
,,2,0,0,0,0,0,0,0,0,0,210,4229,0,0.049,1,0,,,
,,1,0,0,0,1,0,0,0,0,0,164,2064,0,0.414,1,0,,,
,,2,0,0,0,1,0,0,0,0,0,214,4800,0,0.175,1,0,,,
,,1,1,5,1,0,1,1,0,0,0,1095,286760,1,0.978,0,1,,,
,,2,0,0,0,0,0,0,0,0,0,274,3740,0,0.314,1,0,,,
,,1,0,0,0,0,0,0,0,0,0,108,886,0,0.245,1,0,,,
,,2,0,1,0,1,0,0,0,0,0,235,3547,0,0.097,1,0,,,
,,0,0,0,0,0,0,0,0,0,0,227,1202,0,0.253,1,0,,,
,,2,0,0,0,0,0,0,0,0,0,180,231,0,0.067,1,0,,,
,,2,1,5,1,0,1,0,0,0,0,1882,167143,1,2.321,1,1,,,
,,1,0,0,0,0,0,0,0,0,0,213,875,0,0.142,1,0,,,
,,1,1,3,1,0,1,0,2,0,0,619,424498,1,4.805,1,1,,,
,,2,1,2,1,0,0,0,2,0,0,676,327001,1,1.017,1,1,,,
,,0,0,0,0,1,0,0,0,0,0,194,4646,0,0.304,1,0,,,
,,2,0,0,0,0,0,0,0,0,0,149,480,0,0.416,1,0,,,
,,1,0,1,0,0,0,0,0,0,0,80,4150,0,0.201,1,0,,,
,,2,0,1,0,1,0,0,0,0,0,196,4159,0,0.129,1,0,,,
,,0,0,1,0,1,0,0,0,0,0,198,4322,0,0.138,1,0,,,
,,0,0,1,0,0,0,0,0,0,0,172,4107,0,0.022,1,0,,,
,,0,0,1,0,1,0,0,0,0,0,216,177,0,0.388,1,0,,,
,,1,1,5,1,0,0,0,1,0,0,337,431544,1,1.257,1,1,,,
,,0,1,3,1,0,0,1,0,0,0,541,22057,1,1.723,0,1,,,
,,0,0,0,0,1,0,0,0,0,0,227,1162,0,0.077,1,0,,,
,,0,1,5,1,0,0,0,2,0,0,1979,415584,1,2.042,0,1,,,
,,0,0,1,0,0,0,0,0,0,0,260,2050,0,0.44,1,0,,,
,,2,1,3,1,0,1,0,0,0,0,538,204048,1,2.847,1,1,,,
,,0,0,1,0,0,0,0,0,0,0,68,1661,0,0.074,1,0,,,
,,1,0,0,0,1,0,0,0,0,0,249,2327,0,0.447,1,0,,,
,,0,0,1,0,0,0,0,0,0,0,106,1364,0,0.345,1,0,,,
,,2,0,1,0,1,0,0,0,0,0,179,1067,0,0.332,1,0,,,
,,2,0,0,0,0,0,0,0,0,0,194,573,0,0.397,1,0,,,
,,1,0,0,0,0,0,0,0,0,0,106,3443,0,0.117,1,0,,,
,,0,0,0,0,1,0,0,0,0,0,197,4190,0,0.495,1,0,,,
,,2,0,1,0,0,0,0,0,0,0,245,2719,0,0.345,1,0,,,
,,0,0,0,0,1,0,0,0,0,0,268,1208,0,0.305,1,0,,,
,,2,1,5,1,0,1,1,0,0,0,1855,484550,1,0.95,0,1,,,
,,1,0,1,0,0,0,0,0,0,0,245,3819,0,0.095,1,0,,,
,,1,0,0,0,1,0,0,0,0,0,164,2040,0,0.458,1,0,,,
,,2,0,1,0,1,0,0,0,0,0,152,2108,0,0.236,1,0,,,
,,1,0,0,0,0,0,0,0,0,0,129,2191,0,0.032,1,0,,,
,,1,0,1,0,1,0,0,0,0,0,94,4079,0,0.443,1,0,,,
,,2,0,1,0,0,0,0,0,0,0,218,4824,0,0.393,1,0,,,
,,0,0,1,0,0,0,0,0,0,0,144,2113,0,0.472,1,0,,,
,,0,0,0,0,0,0,0,0,0,0,132,791,0,0.209,1,0,,,
,,2,0,0,0,1,0,0,0,0,0,165,2145,0,0.417,1,0,,,
,,1,0,1,0,0,0,0,0,0,0,73,2238,0,0.38,1,0,,,
,,1,0,0,0,0,0,0,0,0,0,245,2629,0,0.434,1,0,,,
,,0,0,1,0,0,0,0,0,0,0,244,4822,0,0.446,1,0,,,
,,2,1,2,1,0,0,0,2,0,0,524,409784,1,3.765,0,1,,,
,,2,0,1,0,1,0,0,0,0,0,226,283,0,0.311,1,0,,,
,,0,0,1,0,1,0,0,0,0,0,247,2385,0,0.431,1,0,,,
,,2,0,1,0,0,0,0,0,0,0,284,623,0,0.202,1,0,,,
,,2,0,0,0,1,0,0,0,0,0,143,1818,0,0.193,1,0,,,
,,0,0,0,0,1,0,0,0,0,0,199,3821,0,0.288,1,0,,,
,,0,0,0,0,1,0,0,0,0,0,181,4098,0,0.449,1,0,,,
,,1,1,3,1,0,1,1,1,0,0,1215,271865,1,0.695,0,1,,,
,,1,0,0,0,0,0,0,0,0,0,255,234,0,0.323,1,0,,,
,,2,0,1,0,1,0,0,0,0,0,171,676,0,0.037,1,0,,,
,,2,1,4,1,0,1,0,1,0,0,440,203508,1,2.78,1,1,,,
,,2,0,0,0,0,0,0,0,0,0,227,1929,0,0.148,1,0,,,
,,0,1,2,1,0,1,1,1,0,0,1219,343269,1,4.032,0,1,,,
,,0,0,0,0,1,0,0,0,0,0,127,1500,0,0.342,1,0,,,
,,0,0,1,0,1,0,0,0,0,0,173,3087,0,0.433,1,0,,,
,,0,0,0,0,0,0,0,0,0,0,201,396,0,0.148,1,0,,,
,,0,0,0,0,1,0,0,0,0,0,117,3309,0,0.337,1,0,,,
,,1,0,1,0,1,0,0,0,0,0,87,4042,0,0.437,1,0,,,
,,0,0,1,0,1,0,0,0,0,0,59,2031,0,0.253,1,0,,,
,,0,1,2,1,0,0,1,0,0,0,1021,273043,1,0.703,1,1,,,
,,1,0,0,0,0,0,0,0,0,0,57,2739,0,0.373,1,0,,,
,,0,0,1,0,0,0,0,0,0,0,260,2608,0,0.005,1,0,,,
,,1,0,1,0,1,0,0,0,0,0,75,4681,0,0.454,1,0,,,
,,2,0,1,0,0,0,0,0,0,0,50,4906,0,0.205,1,0,,,
,,2,1,2,1,0,1,1,2,0,0,1080,113968,1,4.013,0,1,,,
,,0,0,1,0,1,0,0,0,0,0,158,3807,0,0.257,1,0,,,
,,2,0,1,0,1,0,0,0,0,0,230,1370,0,0.03,1,0,,,
,,0,0,0,0,0,0,0,0,0,0,249,1048,0,0.128,1,0,,,
,,0,0,1,0,1,0,0,0,0,0,116,2047,0,0.121,1,0,,,
,,1,0,1,0,1,0,0,0,0,0,193,966,0,0.362,1,0,,,
,,0,0,1,0,0,0,0,0,0,0,277,2256,0,0.487,1,0,,,
,,0,1,5,1,0,0,1,2,0,0,1778,368377,1,0.662,0,1,,,
,,1,1,4,1,0,1,0,0,0,0,1663,62441,1,2.688,0,1,,,
,,0,0,1,0,0,0,0,0,0,0,233,1110,0,0.263,1,0,,,
,,0,0,0,0,1,0,0,0,0,0,193,4440,0,0.288,1,0,,,
,,0,0,0,0,1,0,0,0,0,0,207,725,0,0.312,1,0,,,
,,1,0,0,0,1,0,0,0,0,0,133,2290,0,0.227,1,0,,,
,,1,0,0,0,1,0,0,0,0,0,55,4086,0,0.314,1,0,,,
,,2,0,1,0,1,0,0,0,0,0,288,3094,0,0.353,1,0,,,
,,1,0,1,0,1,0,0,0,0,0,216,2515,0,0.153,1,0,,,
,,2,0,0,0,1,0,0,0,0,0,184,3652,0,0.038,1,0,,,
,,2,0,1,0,1,0,0,0,0,0,142,3115,0,0.045,1,0,,,
,,2,0,0,0,0,0,0,0,0,0,290,1002,0,0.455,1,0,,,
,,1,1,3,1,0,0,1,2,0,0,1680,462974,1,1.99,1,1,,,
,,1,0,0,0,1,0,0,0,0,0,170,315,0,0.467,1,0,,,
,,0,0,0,0,0,0,0,0,0,0,124,2070,0,0.303,1,0,,,
,,1,0,0,0,0,0,0,0,0,0,105,4409,0,0.23,1,0,,,
,,1,0,0,0,1,0,0,0,0,0,251,876,0,0.323,1,0,,,
,,0,1,3,1,0,0,0,1,0,0,1272,290478,1,3.261,0,1,,,
,,2,0,0,0,1,0,0,0,0,0,195,470,0,0.331,1,0,,,
,,1,0,0,0,1,0,0,0,0,0,297,2207,0,0.243,1,0,,,
,,1,0,0,0,0,0,0,0,0,0,281,4769,0,0.479,1,0,,,
,,2,1,5,1,0,0,1,1,0,0,1624,11424,1,4.232,1,1,,,
,,2,0,1,0,0,0,0,0,0,0,163,3866,0,0.229,1,0,,,
,,0,0,1,0,1,0,0,0,0,0,139,2146,0,0.324,1,0,,,
,,2,1,2,1,0,0,1,2,0,0,1835,42072,1,2.743,0,1,,,
,,2,0,0,0,0,0,0,0,0,0,154,615,0,0.226,1,0,,,
,,1,0,0,0,1,0,0,0,0,0,62,132,0,0.289,1,0,,,
,,2,0,1,0,1,0,0,0,0,0,74,1203,0,0.373,1,0,,,
,,1,1,5,1,0,1,1,0,0,0,1790,469888,1,2.182,1,1,,,
,,0,0,1,0,1,0,0,0,0,0,154,1546,0,0.241,1,0,,,
,,1,0,1,0,1,0,0,0,0,0,126,1981,0,0.069,1,0,,,
,,0,0,0,0,1,0,0,0,0,0,60,380,0,0.299,1,0,,,
,,1,0,0,0,1,0,0,0,0,0,270,1193,0,0.495,1,0,,,
,,1,1,3,1,0,1,0,0,0,0,627,161772,1,2.763,1,1,,,
,,1,0,0,0,0,0,0,0,0,0,271,2223,0,0.5,1,0,,,
,,1,0,1,0,1,0,0,0,0,0,219,271,0,0.358,1,0,,,
,,1,0,1,0,1,0,0,0,0,0,240,2034,0,0.297,1,0,,,
,,1,1,2,1,0,0,0,2,0,0,350,244741,1,1.322,0,1,,,
,,0,1,4,1,0,0,0,0,0,0,812,449409,1,4.663,0,1,,,
,,0,0,0,0,0,0,0,0,0,0,102,2198,0,0.211,1,0,,,
,,2,0,0,0,1,0,0,0,0,0,154,652,0,0.206,1,0,,,
,,0,1,4,1,0,1,0,0,0,0,422,261819,1,2.714,1,1,,,
,,2,1,5,1,0,0,1,0,0,0,520,478104,1,0.754,1,1,,,
,,0,0,1,0,1,0,0,0,0,0,51,2096,0,0.484,1,0,,,
,,1,0,0,0,0,0,0,0,0,0,216,1577,0,0.005,1,0,,,
,,1,1,2,1,0,0,1,2,0,0,1349,381504,1,3.29,0,1,,,
,,1,0,0,0,0,0,0,0,0,0,67,1281,0,0.414,1,0,,,
,,2,0,0,0,0,0,0,0,0,0,50,4728,0,0.299,1,0,,,
,,0,0,0,0,0,0,0,0,0,0,217,3624,0,0.294,1,0,,,
,,1,0,0,0,1,0,0,0,0,0,296,2515,0,0.219,1,0,,,
,,0,0,0,0,0,0,0,0,0,0,134,4352,0,0.497,1,0,,,
,,0,0,1,0,1,0,0,0,0,0,252,1682,0,0.477,1,0,,,
,,1,0,0,0,0,0,0,0,0,0,83,595,0,0.413,1,0,,,
,,1,1,5,1,0,1,0,2,0,0,414,46485,1,1.781,0,1,,,
,,2,0,1,0,1,0,0,0,0,0,267,911,0,0.099,1,0,,,
